{
  "Workflows": [
    {
      "Path": null,
      "SortBy": 0,
      "VariablesSectionElementsOrder": [],
      "ArgumentsSectionElementsOrder": null,
      "ConstantsSectionElementsOrder": [],
      "AddedNamespaces": null
    },
    {
      "Path": "BayerApp/BayerEmailDownload.xaml",
      "SortBy": 0,
      "VariablesSectionElementsOrder": [
        "InputFileLocation&Sequence_1",
        "DownloadMailMessage&Sequence_1"
      ],
      "ArgumentsSectionElementsOrder": [],
      "ConstantsSectionElementsOrder": [],
      "AddedNamespaces": null
    },
    {
      "Path": "BayerApp/ReadExcel.xaml",
      "SortBy": 0,
      "VariablesSectionElementsOrder": [
        "OutTransactionItem&Sequence_1",
        "InputFileLocation&Sequence_1"
      ],
      "ArgumentsSectionElementsOrder": [],
      "ConstantsSectionElementsOrder": [],
      "AddedNamespaces": null
    },
    {
      "Path": "Main.xaml",
      "SortBy": 0,
      "VariablesSectionElementsOrder": [
        "TransactionItem&StateMachine_1",
        "SystemException&StateMachine_1",
        "BusinessException&StateMachine_1",
        "TransactionNumber&StateMachine_1",
        "Config&StateMachine_1",
        "RetryNumber&StateMachine_1",
        "TransactionField2&StateMachine_1",
        "TransactionField1&StateMachine_1",
        "TransactionID&StateMachine_1",
        "dt_TransactionData&StateMachine_1",
        "ConsecutiveSystemExceptions&StateMachine_1",
        "ShouldStop&Sequence_25"
      ],
      "ArgumentsSectionElementsOrder": [
        "in_OrchestratorQueueName",
        "in_OrchestratorQueueFolder"
      ],
      "ConstantsSectionElementsOrder": [],
      "AddedNamespaces": null
    },
    {
      "Path": "Framework/SetTransactionStatus.xaml",
      "SortBy": 0,
      "VariablesSectionElementsOrder": [
        "QueueRetry&Sequence_17",
        "ScreenshotPath&Sequence_17"
      ],
      "ArgumentsSectionElementsOrder": [
        "in_BusinessException",
        "in_TransactionField1",
        "in_TransactionField2",
        "in_TransactionID",
        "in_SystemException",
        "in_Config",
        "in_TransactionItem",
        "io_RetryNumber",
        "io_TransactionNumber",
        "io_ConsecutiveSystemExceptions"
      ],
      "ConstantsSectionElementsOrder": [],
      "AddedNamespaces": null
    },
    {
      "Path": "Framework/InitAllSettings.xaml",
      "SortBy": 0,
      "VariablesSectionElementsOrder": [
        "dt_SettingsAndConstants&Sequence_5",
        "dt_Assets&Sequence_6",
        "AssetValue&Sequence_11"
      ],
      "ArgumentsSectionElementsOrder": [
        "in_ConfigFile",
        "in_ConfigSheets",
        "out_Config"
      ],
      "ConstantsSectionElementsOrder": [],
      "AddedNamespaces": null
    },
    {
      "Path": "Framework/GetTransactionData.xaml",
      "SortBy": 0,
      "VariablesSectionElementsOrder": [],
      "ArgumentsSectionElementsOrder": [
        "in_TransactionNumber",
        "in_Config",
        "out_TransactionItem",
        "out_TransactionField1",
        "out_TransactionField2",
        "out_TransactionID",
        "io_dt_TransactionData"
      ],
      "ConstantsSectionElementsOrder": [],
      "AddedNamespaces": null
    },
    {
      "Path": "Framework/Process.xaml",
      "SortBy": 0,
      "VariablesSectionElementsOrder": [],
      "ArgumentsSectionElementsOrder": [
        "in_TransactionItem",
        "in_Config"
      ],
      "ConstantsSectionElementsOrder": [],
      "AddedNamespaces": null
    },
    {
      "Path": "BayerApp/Login.xaml",
      "SortBy": 0,
      "VariablesSectionElementsOrder": [
        "RpaChallengeURL&Sequence_1"
      ],
      "ArgumentsSectionElementsOrder": [],
      "ConstantsSectionElementsOrder": [],
      "AddedNamespaces": null
    },
    {
      "Path": "Framework/CloseAllApplications.xaml",
      "SortBy": 0,
      "VariablesSectionElementsOrder": [],
      "ArgumentsSectionElementsOrder": [],
      "ConstantsSectionElementsOrder": [],
      "AddedNamespaces": null
    },
    {
      "Path": "Framework/KillAllProcesses.xaml",
      "SortBy": 0,
      "VariablesSectionElementsOrder": [],
      "ArgumentsSectionElementsOrder": [],
      "ConstantsSectionElementsOrder": [],
      "AddedNamespaces": null
    },
    {
      "Path": "Framework/InitAllApplications.xaml",
      "SortBy": 0,
      "VariablesSectionElementsOrder": [],
      "ArgumentsSectionElementsOrder": [
        "in_Config"
      ],
      "ConstantsSectionElementsOrder": [],
      "AddedNamespaces": null
    },
    {
      "Path": "EmailNotification.xaml",
      "SortBy": 0,
      "VariablesSectionElementsOrder": [
        "Failed&Sequence_1",
        "BusExp&Sequence_1",
        "Success&Sequence_1",
        "Total&Sequence_1",
        "EmailBody&Sequence_2",
        "HtmlFilePath&Sequence_1",
        "TxtOp&Sequence_2"
      ],
      "ArgumentsSectionElementsOrder": [],
      "ConstantsSectionElementsOrder": [],
      "AddedNamespaces": null
    }
  ]
}